Top pages,Clicks,Impressions,CTR,Position
https://recruitmenttracker.com.ng/,58,809,7.17%,5.86
https://recruitmenttracker.com.ng/recruitments/ncc-entry-level,14,218,6.42%,5.76
https://recruitmenttracker.com.ng/recruitments/army-dssc,3,307,0.98%,18.1
https://recruitmenttracker.com.ng/recruitments/cbn-entry-level,2,136,1.47%,7.4
https://recruitmenttracker.com.ng/past-questions/army,2,36,5.56%,2.86
https://recruitmenttracker.com.ng/recruitments/navy-batch,1,162,0.62%,12.93
https://recruitmenttracker.com.ng/recruitments/naf-bmtc,1,51,1.96%,7.69
https://recruitmenttracker.com.ng/past-questions/Air Force,1,32,3.12%,2.84
https://recruitmenttracker.com.ng/past-questions/Police,1,11,9.09%,2.09
https://recruitmenttracker.com.ng/recruitments/nnpc-graduate,0,78,0%,13.44
https://recruitmenttracker.com.ng/eligibility,0,46,0%,4
https://recruitmenttracker.com.ng/past-questions/Civil Defence,0,20,0%,1.25
https://recruitmenttracker.com.ng/recruitments/9,0,18,0%,2.33
https://recruitmenttracker.com.ng/recruitments/police-constable,0,9,0%,10.44
https://recruitmenttracker.com.ng/terms,0,4,0%,2.25
https://recruitmenttracker.com.ng/recruitments/20,0,3,0%,3.33